nameseq,A,C,G,T,label
Seq_1,0.3206997084548105,0.19533527696793002,0.21865889212827988,0.2653061224489796,DNA
Seq_2,0.27776164599493924,0.23727548015099348,0.2396399386070436,0.2453229352470237,DNA
Seq_3,0.2423076923076923,0.3384615384615385,0.2923076923076923,0.12692307692307692,DNA
Seq_4,0.25886766712141884,0.23064461118690313,0.2159788540245566,0.2945088676671214,DNA
Seq_5,0.41818181818181815,0.14545454545454545,0.19090909090909092,0.24545454545454545,DNA
Seq_6,0.1111111111111111,0.28888888888888886,0.4222222222222222,0.17777777777777778,DNA
Seq_7,0.2803703703703704,0.21592592592592594,0.2587037037037037,0.245,DNA
Seq_8,0.2570307390451275,0.2538540596094553,0.2170419508549005,0.27207325049051667,DNA
Seq_9,0.34285714285714286,0.17142857142857143,0.37142857142857144,0.11428571428571428,DNA
Seq_10,0.3488372093023256,0.26356589147286824,0.13953488372093023,0.24806201550387597,DNA
Seq_11,0.2723404255319149,0.2680851063829787,0.2170212765957447,0.2425531914893617,DNA
Seq_12,0.25663716814159293,0.24410029498525074,0.2374631268436578,0.2617994100294985,DNA
Seq_13,0.2693877551020408,0.1326530612244898,0.17551020408163265,0.42244897959183675,DNA
Seq_14,0.2714285714285714,0.24285714285714285,0.12857142857142856,0.35714285714285715,DNA
Seq_15,0.2594444444444444,0.21569444444444444,0.20666666666666667,0.31819444444444445,DNA
Seq_16,0.27962538226299694,0.21387614678899083,0.22400611620795108,0.2824923547400612,DNA
Seq_17,0.2782608695652174,0.24347826086956523,0.1565217391304348,0.3217391304347826,DNA
Seq_18,0.3652694610778443,0.19760479041916168,0.17964071856287425,0.25748502994011974,DNA
Seq_19,0.28004410143329656,0.22546857772877618,0.2286065643287253,0.26588075650920195,DNA
Seq_20,0.332657200811359,0.1744421906693712,0.2129817444219067,0.2799188640973631,DNA
Seq_21,0.24736842105263157,0.22105263157894736,0.25263157894736843,0.2789473684210526,DNA
Seq_22,0.254667029741914,0.24425887265135698,0.22289794559922543,0.27817615200750356,DNA
Seq_23,0.25533270470705166,0.2684574020744667,0.23797752236295522,0.2382323708555264,DNA
Seq_24,0.3003896563939072,0.20923367575864918,0.23101901050891488,0.2593576573385287,DNA
Seq_25,0.09259259259259259,0.48148148148148145,0.24074074074074073,0.18518518518518517,DNA
Seq_26,0.21019108280254778,0.24203821656050956,0.29936305732484075,0.2484076433121019,DNA
Seq_27,0.3302180685358255,0.16822429906542055,0.18691588785046728,0.3146417445482866,DNA
Seq_28,0.2542372881355932,0.1864406779661017,0.288135593220339,0.2711864406779661,DNA
Seq_29,0.28008279668813246,0.22907083716651333,0.20096596136154554,0.28988040478380867,DNA
Seq_30,0.302613306400707,0.21436687286958717,0.22560282792576694,0.25741699280393887,DNA
Seq_31,0.24074074074074073,0.2638888888888889,0.19444444444444445,0.30092592592592593,DNA
Seq_32,0.24778761061946902,0.3008849557522124,0.3274336283185841,0.12389380530973451,DNA
Seq_33,0.25925925925925924,0.19444444444444445,0.23148148148148148,0.3148148148148148,DNA
Seq_34,0.19815668202764977,0.2764976958525346,0.2119815668202765,0.31336405529953915,DNA
Seq_35,0.20192307692307693,0.4230769230769231,0.23076923076923078,0.14423076923076922,DNA
Seq_36,0.15286624203821655,0.3184713375796178,0.28662420382165604,0.24203821656050956,DNA
Seq_37,0.23573661069025797,0.25120517031307943,0.25925729724002755,0.25380092175663505,DNA
Seq_38,0.26776859504132233,0.24363636363636362,0.21619834710743802,0.27239669421487606,DNA
Seq_39,0.373015873015873,0.0873015873015873,0.3412698412698413,0.1984126984126984,DNA
Seq_40,0.2887588800668617,0.23547847889678228,0.2026744671959883,0.27308817384036776,DNA
Seq_41,0.30303030303030304,0.20765027322404372,0.20417287630402384,0.2851465474416294,DNA
Seq_42,0.30303030303030304,0.20765027322404372,0.20417287630402384,0.2851465474416294,DNA
Seq_43,0.2720183486238532,0.22929226736566186,0.2100262123197903,0.2886631716906946,DNA
Seq_44,0.24065703891522433,0.2198581560283688,0.22595818175136884,0.31352662330503805,DNA
Seq_45,0.26028421839940163,0.24158563949139866,0.19521316379955123,0.3029169783096485,DNA
Seq_46,0.25851791428750703,0.22915228713057664,0.22331680993913536,0.28901298864278097,DNA
Seq_47,0.31604172540174796,0.23385959966168593,0.1932619114744855,0.2568367634620806,DNA
Seq_48,0.2917798427448177,0.19771265189421014,0.22430307362401716,0.286204431736955,DNA
Seq_49,0.26845472440944884,0.18553149606299213,0.2544291338582677,0.2915846456692913,DNA
Seq_50,0.37404580152671757,0.09923664122137404,0.20610687022900764,0.32061068702290074,DNA
Seq_51,0.10067114093959731,0.35570469798657717,0.3691275167785235,0.174496644295302,DNA
Seq_52,0.2774233896185116,0.21325828642901815,0.23464665415884928,0.274671669793621,DNA
Seq_53,0.2509966268015946,0.22600429316160686,0.2315240723704385,0.29147500766636003,DNA
Seq_54,0.2611050920910076,0.24810400866738894,0.18959913326110509,0.30119176598049835,DNA
Seq_55,0.3153153153153153,0.1891891891891892,0.0990990990990991,0.3963963963963964,DNA
Seq_56,0.2692307692307692,0.15384615384615385,0.34615384615384615,0.23076923076923078,DNA
Seq_57,0.2409813643357839,0.28244144298170626,0.22738929731578048,0.24918789536672936,DNA
Seq_58,0.24761904761904763,0.3047619047619048,0.24285714285714285,0.20476190476190476,DNA
Seq_59,0.28380154427468374,0.225644816822737,0.20954493182191555,0.2810087070806637,DNA
Seq_60,0.27069672131147543,0.2112704918032787,0.2680327868852459,0.25,DNA
Seq_61,0.25688651031008974,0.24298231806495618,0.20268639487905976,0.2974447767458943,DNA
Seq_62,0.2731707317073171,0.33170731707317075,0.1951219512195122,0.2,DNA
Seq_63,0.24237960803567776,0.23922916410948816,0.2508898981220081,0.267501329732826,DNA
Seq_64,0.2962962962962963,0.19753086419753085,0.25925925925925924,0.24691358024691357,DNA
Seq_65,0.2722484562295677,0.20523065746458408,0.2555394115510352,0.26698147475481293,DNA
Seq_66,0.3122423923528896,0.20099973691133913,0.20854161185652897,0.2782162588792423,DNA
Seq_67,0.14,0.34,0.37142857142857144,0.14857142857142858,DNA
Seq_68,0.3201581027667984,0.31225296442687744,0.20553359683794467,0.16205533596837945,DNA
Seq_69,0.2253040032791365,0.334608553081022,0.27326137450471377,0.16682606913512774,DNA
Seq_70,0.22835164835164834,0.23434065934065934,0.28714285714285714,0.2501648351648352,DNA
Seq_71,0.3779527559055118,0.1889763779527559,0.1968503937007874,0.23622047244094488,DNA
Seq_72,0.2872548062847663,0.22504147555382062,0.2165511857128916,0.2711525324485215,DNA
Seq_73,0.37362637362637363,0.17582417582417584,0.2857142857142857,0.16483516483516483,DNA
Seq_74,0.3078947368421053,0.19473684210526315,0.22105263157894736,0.27631578947368424,DNA
Seq_75,0.2,0.25555555555555554,0.2777777777777778,0.26666666666666666,DNA
Seq_76,0.26459545710531257,0.22775483386521495,0.21794631124460295,0.28970339778486953,DNA
Seq_77,0.3021978021978022,0.19230769230769232,0.19230769230769232,0.3131868131868132,DNA
Seq_78,0.27064464571124136,0.23220945277418373,0.21919476368064542,0.2779511378339295,DNA
Seq_79,0.23957409050576753,0.3167701863354037,0.25998225377107365,0.1836734693877551,DNA
Seq_80,0.2129055778344878,0.2942034269048487,0.2143638352169158,0.2785271600437477,DNA
Seq_82,0.2791407574901074,0.21835311852270586,0.21277557942340306,0.28973054456378367,DNA
Seq_83,0.3411764705882353,0.15294117647058825,0.18823529411764706,0.3176470588235294,DNA
Seq_84,0.3826086956521739,0.19130434782608696,0.2,0.22608695652173913,DNA
Seq_85,0.17073170731707318,0.0975609756097561,0.2926829268292683,0.43902439024390244,DNA
Seq_86,0.27686134641105664,0.23590854085727023,0.2369912744411184,0.25023883829055477,DNA
Seq_87,0.30588683075361583,0.18180664805886831,0.20895711748287238,0.30334940370464347,DNA
Seq_88,0.27586206896551724,0.17672413793103448,0.2801724137931034,0.2672413793103448,DNA
Seq_89,0.27124084662453607,0.24235128899588726,0.22113552011234827,0.2652723442672284,DNA
Seq_90,0.15384615384615385,0.21301775147928995,0.26627218934911245,0.3668639053254438,DNA
Seq_91,0.39473684210526316,0.15789473684210525,0.13157894736842105,0.3157894736842105,DNA
Seq_92,0.36363636363636365,0.20948616600790515,0.17786561264822134,0.2490118577075099,DNA
Seq_93,0.2465753424657534,0.2602739726027397,0.136986301369863,0.3561643835616438,DNA
Seq_94,0.27891654465592974,0.25329428989751096,0.24743777452415813,0.22035139092240116,DNA
Seq_95,0.2130841121495327,0.32274143302180686,0.29179646936656284,0.17237798546209762,DNA
Seq_96,0.2599261001007726,0.27336244541484717,0.21034598589183742,0.25636546859254283,DNA
Seq_97,0.282803738317757,0.23710280373831777,0.22476635514018692,0.2553271028037383,DNA
Seq_98,0.26283367556468173,0.2482438128174646,0.19961093699340754,0.2893115746244461,DNA
Seq_99,0.16292134831460675,0.2612359550561798,0.3904494382022472,0.1853932584269663,DNA
Seq_100,0.2786902922042914,0.22603601337023327,0.21967437012543578,0.2755993243000395,DNA
Seq_101,0.1712707182320442,0.34806629834254144,0.24585635359116023,0.23480662983425415,DNA
Seq_102,0.25,0.18055555555555555,0.2222222222222222,0.3472222222222222,DNA
Seq_103,0.273224043715847,0.1912568306010929,0.2786885245901639,0.2568306010928962,DNA
Seq_104,0.1641659311562224,0.2912621359223301,0.33715798764342453,0.20741394527802295,DNA
Seq_105,0.21937321937321938,0.26495726495726496,0.25925925925925924,0.2564102564102564,DNA
Seq_106,0.2412672623883022,0.21852152721364745,0.24857839155158407,0.2916328188464663,DNA
Seq_107,0.23684210526315788,0.29256965944272445,0.2693498452012384,0.20123839009287925,DNA
Seq_108,0.1774193548387097,0.28225806451612906,0.3790322580645161,0.16129032258064516,DNA
Seq_109,0.32471264367816094,0.19755747126436782,0.23132183908045978,0.2464080459770115,DNA
Seq_110,0.21738411963975873,0.3082706766917293,0.27175080558539205,0.20259439808311988,DNA
Seq_111,0.1697965571205008,0.27543035993740217,0.3082942097026604,0.24647887323943662,DNA
Seq_112,0.27924144075346824,0.25633193330787835,0.2278223240422553,0.2366043018963981,DNA
Seq_113,0.2538005014440319,0.25811672855374657,0.24281951188549303,0.24526325811672856,DNA
Seq_114,0.15555555555555556,0.3111111111111111,0.2,0.3333333333333333,DNA
Seq_115,0.2537661786547846,0.2255463611287927,0.22172713770422237,0.2989603225122003,DNA
Seq_116,0.3732193732193732,0.16809116809116809,0.2222222222222222,0.23646723646723647,DNA
Seq_117,0.328125,0.265625,0.1875,0.21875,DNA
Seq_118,0.328125,0.265625,0.1875,0.21875,DNA
Seq_119,0.3404255319148936,0.2553191489361702,0.1276595744680851,0.2765957446808511,DNA
Seq_120,0.291713778064933,0.2163355408388521,0.21665859042696387,0.2752920906692511,DNA
Seq_121,0.2894736842105263,0.1763157894736842,0.20526315789473684,0.32894736842105265,DNA
Seq_122,0.2884126808792665,0.2077764277035237,0.23715895283331492,0.26665193858389485,DNA
Seq_123,0.16036957597756146,0.2875763075400099,0.3352582082164659,0.2167959082659627,DNA
Seq_124,0.268167770419426,0.2355849889624724,0.23902869757174394,0.2572185430463576,DNA
Seq_125,0.2791730348217605,0.2258870667933413,0.23012102936924284,0.2648188690156553,DNA
Seq_126,0.23076923076923078,0.27472527472527475,0.24725274725274726,0.24725274725274726,DNA
Seq_127,0.2222222222222222,0.2222222222222222,0.2222222222222222,0.3333333333333333,DNA
Seq_128,0.23359375,0.29609375,0.24921875,0.22109375,DNA
Seq_129,0.25396825396825395,0.3253968253968254,0.1746031746031746,0.24603174603174602,DNA
Seq_130,0.26290686667152113,0.23436248452632347,0.23115852326512779,0.2715721255370276,DNA
Seq_131,0.28811903509431125,0.20109716690463666,0.20695874351844892,0.30382505448260316,DNA
Seq_132,0.2728861699803365,0.24076906270482848,0.23224819750928555,0.2540965698055495,DNA
Seq_133,0.15,0.29,0.38,0.18,DNA
Seq_134,0.24149028345092213,0.25820027231092957,0.227255848496101,0.2730535957420473,DNA
Seq_135,0.21481292949860015,0.2695342326291677,0.24569440909476542,0.2699584287774667,DNA
Seq_136,0.2056377372865215,0.26379277506190085,0.2889975239667323,0.2415719636848454,DNA
Seq_137,0.2073170731707317,0.2682926829268293,0.21951219512195122,0.3048780487804878,DNA
Seq_138,0.30985915492957744,0.16901408450704225,0.22535211267605634,0.29577464788732394,DNA
Seq_139,0.3188405797101449,0.08695652173913043,0.2463768115942029,0.34782608695652173,DNA
Seq_140,0.32548747396983657,0.21575061525840852,0.18697545276708524,0.27178645800466966,DNA
Seq_141,0.22905027932960895,0.27854175619538746,0.2645036527718092,0.2279043117031944,DNA
Seq_142,0.17429367290091524,0.35137286112216476,0.2347791484281735,0.2395543175487465,DNA
Seq_143,0.29006132130047435,0.21265764202244591,0.22075668170774038,0.27652435496933936,DNA
Seq_144,0.25723708318065225,0.20923415170392085,0.2422132649322096,0.2913155001832173,DNA
Seq_145,0.2133097572737502,0.2734287092107378,0.2401543160263623,0.2731072174891497,DNA
Seq_146,0.22998729351969505,0.2820838627700127,0.22490470139771285,0.2630241423125794,DNA
Seq_147,0.2901664284726384,0.21336037988105666,0.21644921856991378,0.28002397307639115,DNA
Seq_148,0.15463917525773196,0.23711340206185566,0.37628865979381443,0.23195876288659795,DNA
Seq_149,0.1890809202243333,0.2944946778070276,0.31234977681126247,0.20407462515737668,DNA
Seq_150,0.2527732314966358,0.2276777595926532,0.21185670121840336,0.3076923076923077,DNA
Seq_151,0.27145322747670003,0.24004142216085605,0.25177770107007247,0.23672764929237142,DNA
Seq_152,0.27754967975036954,0.20348168829035967,0.254557398587617,0.2644112333716538,DNA
Seq_153,0.26100352112676056,0.23210093896713616,0.24310446009389672,0.26379107981220656,DNA
Seq_154,0.2891851214792518,0.20619221672758548,0.21898516448075683,0.28563749731240595,DNA
Seq_155,0.2964153783007251,0.20775755917362157,0.21254617594746203,0.2832808865781913,DNA
Seq_156,0.2986478542034098,0.2817950225357633,0.20164609053497942,0.21791103272584755,DNA
Seq_157,0.3245164960182025,0.2226962457337884,0.20875995449374288,0.2440273037542662,DNA
Seq_158,0.26764219966957753,0.2326724883958776,0.22146172606403902,0.2782235858705059,DNA
Seq_159,0.25262085032032616,0.2367501456027956,0.2511648223645894,0.25946418171228885,DNA
Seq_160,0.27360722736072274,0.24112712411271242,0.20778662077866208,0.2774790277479028,DNA
Seq_161,0.2686929150110945,0.226069456628309,0.23742195159708962,0.26781567676350687,DNA
Seq_162,0.29567854435178165,0.22971948445792267,0.17664897649734648,0.2979529946929492,DNA
Seq_163,0.27666122639309865,0.20830030310095593,0.22671951503847051,0.28831895546747494,DNA
Seq_164,0.34831460674157305,0.16853932584269662,0.38202247191011235,0.10112359550561797,DNA
Seq_165,0.19379584523209586,0.2819306792093622,0.30981577915896746,0.21445769639957443,DNA
Seq_166,0.3190883190883191,0.21937321937321938,0.16524216524216523,0.2962962962962963,DNA
